Comunidades y Ciudades Autónomas;Tasa de riesgo de pobreza o exclusión social (y sus componentes);Periodo;Total
Total Nacional;Tasa de riesgo de pobreza o exclusión social (indicador AROPE);2020;26,4
Total Nacional;Tasa de riesgo de pobreza o exclusión social (indicador AROPE);2019;25,3
Total Nacional;Tasa de riesgo de pobreza o exclusión social (indicador AROPE);2018;26,1
Total Nacional;Tasa de riesgo de pobreza o exclusión social (indicador AROPE);2017;26,6
Total Nacional;Tasa de riesgo de pobreza o exclusión social (indicador AROPE);2016;27,9
Total Nacional;Tasa de riesgo de pobreza o exclusión social (indicador AROPE);2015;28,6
Total Nacional;Tasa de riesgo de pobreza o exclusión social (indicador AROPE);2014;29,2
Total Nacional;Tasa de riesgo de pobreza o exclusión social (indicador AROPE);2013;27,3
Total Nacional;Tasa de riesgo de pobreza o exclusión social (indicador AROPE);2012;27,2
Total Nacional;Tasa de riesgo de pobreza o exclusión social (indicador AROPE);2011;26,7
Total Nacional;Tasa de riesgo de pobreza o exclusión social (indicador AROPE);2010;26,1
Total Nacional;Tasa de riesgo de pobreza o exclusión social (indicador AROPE);2009;24,7
Total Nacional;Tasa de riesgo de pobreza o exclusión social (indicador AROPE);2008;23,8
Total Nacional;En riesgo de pobreza (renta año anterior a la entrevista);2020;21
Total Nacional;En riesgo de pobreza (renta año anterior a la entrevista);2019;20,7
Total Nacional;En riesgo de pobreza (renta año anterior a la entrevista);2018;21,5
Total Nacional;En riesgo de pobreza (renta año anterior a la entrevista);2017;21,6
Total Nacional;En riesgo de pobreza (renta año anterior a la entrevista);2016;22,3
Total Nacional;En riesgo de pobreza (renta año anterior a la entrevista);2015;22,1
Total Nacional;En riesgo de pobreza (renta año anterior a la entrevista);2014;22,2
Total Nacional;En riesgo de pobreza (renta año anterior a la entrevista);2013;20,4
Total Nacional;En riesgo de pobreza (renta año anterior a la entrevista);2012;20,8
Total Nacional;En riesgo de pobreza (renta año anterior a la entrevista);2011;20,6
Total Nacional;En riesgo de pobreza (renta año anterior a la entrevista);2010;20,7
Total Nacional;En riesgo de pobreza (renta año anterior a la entrevista);2009;20,4
Total Nacional;En riesgo de pobreza (renta año anterior a la entrevista);2008;19,8
Total Nacional;Con carencia material severa;2020;7
Total Nacional;Con carencia material severa;2019;4,7
Total Nacional;Con carencia material severa;2018;5,4
Total Nacional;Con carencia material severa;2017;5,1
Total Nacional;Con carencia material severa;2016;5,8
Total Nacional;Con carencia material severa;2015;6,4
Total Nacional;Con carencia material severa;2014;7,1
Total Nacional;Con carencia material severa;2013;6,2
Total Nacional;Con carencia material severa;2012;5,8
Total Nacional;Con carencia material severa;2011;4,5
Total Nacional;Con carencia material severa;2010;4,9
Total Nacional;Con carencia material severa;2009;4,5
Total Nacional;Con carencia material severa;2008;3,6
Total Nacional;Viviendo en hogares con baja intensidad en el trabajo (de 0 a 59 años);2020;9,9
Total Nacional;Viviendo en hogares con baja intensidad en el trabajo (de 0 a 59 años);2019;10,8
Total Nacional;Viviendo en hogares con baja intensidad en el trabajo (de 0 a 59 años);2018;10,7
Total Nacional;Viviendo en hogares con baja intensidad en el trabajo (de 0 a 59 años);2017;12,8
Total Nacional;Viviendo en hogares con baja intensidad en el trabajo (de 0 a 59 años);2016;14,9
Total Nacional;Viviendo en hogares con baja intensidad en el trabajo (de 0 a 59 años);2015;15,4
Total Nacional;Viviendo en hogares con baja intensidad en el trabajo (de 0 a 59 años);2014;17,1
Total Nacional;Viviendo en hogares con baja intensidad en el trabajo (de 0 a 59 años);2013;15,7
Total Nacional;Viviendo en hogares con baja intensidad en el trabajo (de 0 a 59 años);2012;14,3
Total Nacional;Viviendo en hogares con baja intensidad en el trabajo (de 0 a 59 años);2011;13,4
Total Nacional;Viviendo en hogares con baja intensidad en el trabajo (de 0 a 59 años);2010;10,8
Total Nacional;Viviendo en hogares con baja intensidad en el trabajo (de 0 a 59 años);2009;7,6
Total Nacional;Viviendo en hogares con baja intensidad en el trabajo (de 0 a 59 años);2008;6,6
01 Andalucía;Tasa de riesgo de pobreza o exclusión social (indicador AROPE);2020;35,1
01 Andalucía;Tasa de riesgo de pobreza o exclusión social (indicador AROPE);2019;37,7
01 Andalucía;Tasa de riesgo de pobreza o exclusión social (indicador AROPE);2018;38,2
01 Andalucía;Tasa de riesgo de pobreza o exclusión social (indicador AROPE);2017;37,3
01 Andalucía;Tasa de riesgo de pobreza o exclusión social (indicador AROPE);2016;41,7
01 Andalucía;Tasa de riesgo de pobreza o exclusión social (indicador AROPE);2015;43,2
01 Andalucía;Tasa de riesgo de pobreza o exclusión social (indicador AROPE);2014;42,3
01 Andalucía;Tasa de riesgo de pobreza o exclusión social (indicador AROPE);2013;38,3
01 Andalucía;Tasa de riesgo de pobreza o exclusión social (indicador AROPE);2012;36,9
01 Andalucía;Tasa de riesgo de pobreza o exclusión social (indicador AROPE);2011;38,4
01 Andalucía;Tasa de riesgo de pobreza o exclusión social (indicador AROPE);2010;35
01 Andalucía;Tasa de riesgo de pobreza o exclusión social (indicador AROPE);2009;33,3
01 Andalucía;Tasa de riesgo de pobreza o exclusión social (indicador AROPE);2008;31,6
01 Andalucía;En riesgo de pobreza (renta año anterior a la entrevista);2020;28,5
01 Andalucía;En riesgo de pobreza (renta año anterior a la entrevista);2019;31,3
01 Andalucía;En riesgo de pobreza (renta año anterior a la entrevista);2018;32
01 Andalucía;En riesgo de pobreza (renta año anterior a la entrevista);2017;31
01 Andalucía;En riesgo de pobreza (renta año anterior a la entrevista);2016;35,4
01 Andalucía;En riesgo de pobreza (renta año anterior a la entrevista);2015;35,7
01 Andalucía;En riesgo de pobreza (renta año anterior a la entrevista);2014;33,3
01 Andalucía;En riesgo de pobreza (renta año anterior a la entrevista);2013;29,1
01 Andalucía;En riesgo de pobreza (renta año anterior a la entrevista);2012;28,3
01 Andalucía;En riesgo de pobreza (renta año anterior a la entrevista);2011;30,7
01 Andalucía;En riesgo de pobreza (renta año anterior a la entrevista);2010;28,3
01 Andalucía;En riesgo de pobreza (renta año anterior a la entrevista);2009;28,8
01 Andalucía;En riesgo de pobreza (renta año anterior a la entrevista);2008;27,3
01 Andalucía;Con carencia material severa;2020;8
01 Andalucía;Con carencia material severa;2019;5,9
01 Andalucía;Con carencia material severa;2018;8
01 Andalucía;Con carencia material severa;2017;5,2
01 Andalucía;Con carencia material severa;2016;7,1
01 Andalucía;Con carencia material severa;2015;8
01 Andalucía;Con carencia material severa;2014;9,5
01 Andalucía;Con carencia material severa;2013;7
01 Andalucía;Con carencia material severa;2012;7,5
01 Andalucía;Con carencia material severa;2011;6,3
01 Andalucía;Con carencia material severa;2010;5,6
01 Andalucía;Con carencia material severa;2009;5,7
01 Andalucía;Con carencia material severa;2008;5,4
01 Andalucía;Viviendo en hogares con baja intensidad en el trabajo (de 0 a 59 años);2020;13,5
01 Andalucía;Viviendo en hogares con baja intensidad en el trabajo (de 0 a 59 años);2019;18
01 Andalucía;Viviendo en hogares con baja intensidad en el trabajo (de 0 a 59 años);2018;18,1
01 Andalucía;Viviendo en hogares con baja intensidad en el trabajo (de 0 a 59 años);2017;21,9
01 Andalucía;Viviendo en hogares con baja intensidad en el trabajo (de 0 a 59 años);2016;23,5
01 Andalucía;Viviendo en hogares con baja intensidad en el trabajo (de 0 a 59 años);2015;24,9
01 Andalucía;Viviendo en hogares con baja intensidad en el trabajo (de 0 a 59 años);2014;27,4
01 Andalucía;Viviendo en hogares con baja intensidad en el trabajo (de 0 a 59 años);2013;25,3
01 Andalucía;Viviendo en hogares con baja intensidad en el trabajo (de 0 a 59 años);2012;20,6
01 Andalucía;Viviendo en hogares con baja intensidad en el trabajo (de 0 a 59 años);2011;20,1
01 Andalucía;Viviendo en hogares con baja intensidad en el trabajo (de 0 a 59 años);2010;14,7
01 Andalucía;Viviendo en hogares con baja intensidad en el trabajo (de 0 a 59 años);2009;11,4
01 Andalucía;Viviendo en hogares con baja intensidad en el trabajo (de 0 a 59 años);2008;10,1
02 Aragón;Tasa de riesgo de pobreza o exclusión social (indicador AROPE);2020;18,5
02 Aragón;Tasa de riesgo de pobreza o exclusión social (indicador AROPE);2019;21,1
02 Aragón;Tasa de riesgo de pobreza o exclusión social (indicador AROPE);2018;17,7
02 Aragón;Tasa de riesgo de pobreza o exclusión social (indicador AROPE);2017;15,8
02 Aragón;Tasa de riesgo de pobreza o exclusión social (indicador AROPE);2016;18,7
02 Aragón;Tasa de riesgo de pobreza o exclusión social (indicador AROPE);2015;17,7
02 Aragón;Tasa de riesgo de pobreza o exclusión social (indicador AROPE);2014;20,7
02 Aragón;Tasa de riesgo de pobreza o exclusión social (indicador AROPE);2013;19,8
02 Aragón;Tasa de riesgo de pobreza o exclusión social (indicador AROPE);2012;18,4
02 Aragón;Tasa de riesgo de pobreza o exclusión social (indicador AROPE);2011;18,6
02 Aragón;Tasa de riesgo de pobreza o exclusión social (indicador AROPE);2010;17,5
02 Aragón;Tasa de riesgo de pobreza o exclusión social (indicador AROPE);2009;12,6
02 Aragón;Tasa de riesgo de pobreza o exclusión social (indicador AROPE);2008;17,1
02 Aragón;En riesgo de pobreza (renta año anterior a la entrevista);2020;16
02 Aragón;En riesgo de pobreza (renta año anterior a la entrevista);2019;17,9
02 Aragón;En riesgo de pobreza (renta año anterior a la entrevista);2018;14,2
02 Aragón;En riesgo de pobreza (renta año anterior a la entrevista);2017;13,3
02 Aragón;En riesgo de pobreza (renta año anterior a la entrevista);2016;15,7
02 Aragón;En riesgo de pobreza (renta año anterior a la entrevista);2015;14,4
02 Aragón;En riesgo de pobreza (renta año anterior a la entrevista);2014;16,9
02 Aragón;En riesgo de pobreza (renta año anterior a la entrevista);2013;16,1
02 Aragón;En riesgo de pobreza (renta año anterior a la entrevista);2012;14,5
02 Aragón;En riesgo de pobreza (renta año anterior a la entrevista);2011;15,5
02 Aragón;En riesgo de pobreza (renta año anterior a la entrevista);2010;14,2
02 Aragón;En riesgo de pobreza (renta año anterior a la entrevista);2009;11,3
02 Aragón;En riesgo de pobreza (renta año anterior a la entrevista);2008;14,9
02 Aragón;Con carencia material severa;2020;1,7
02 Aragón;Con carencia material severa;2019;2,3
02 Aragón;Con carencia material severa;2018;1,2
02 Aragón;Con carencia material severa;2017;0,5
02 Aragón;Con carencia material severa;2016;2,9
02 Aragón;Con carencia material severa;2015;2,2
02 Aragón;Con carencia material severa;2014;4,2
02 Aragón;Con carencia material severa;2013;3,3
02 Aragón;Con carencia material severa;2012;2,5
02 Aragón;Con carencia material severa;2011;0,9
02 Aragón;Con carencia material severa;2010;2,4
02 Aragón;Con carencia material severa;2009;0,2
02 Aragón;Con carencia material severa;2008;0,4
02 Aragón;Viviendo en hogares con baja intensidad en el trabajo (de 0 a 59 años);2020;6,1
02 Aragón;Viviendo en hogares con baja intensidad en el trabajo (de 0 a 59 años);2019;5,5
02 Aragón;Viviendo en hogares con baja intensidad en el trabajo (de 0 a 59 años);2018;5,6
02 Aragón;Viviendo en hogares con baja intensidad en el trabajo (de 0 a 59 años);2017;5,9
02 Aragón;Viviendo en hogares con baja intensidad en el trabajo (de 0 a 59 años);2016;7,6
02 Aragón;Viviendo en hogares con baja intensidad en el trabajo (de 0 a 59 años);2015;6,9
02 Aragón;Viviendo en hogares con baja intensidad en el trabajo (de 0 a 59 años);2014;10,5
02 Aragón;Viviendo en hogares con baja intensidad en el trabajo (de 0 a 59 años);2013;10,2
02 Aragón;Viviendo en hogares con baja intensidad en el trabajo (de 0 a 59 años);2012;11,8
02 Aragón;Viviendo en hogares con baja intensidad en el trabajo (de 0 a 59 años);2011;7,5
02 Aragón;Viviendo en hogares con baja intensidad en el trabajo (de 0 a 59 años);2010;5,6
02 Aragón;Viviendo en hogares con baja intensidad en el trabajo (de 0 a 59 años);2009;2,6
02 Aragón;Viviendo en hogares con baja intensidad en el trabajo (de 0 a 59 años);2008;4,7
03 Asturias, Principado de;Tasa de riesgo de pobreza o exclusión social (indicador AROPE);2020;27,7
03 Asturias, Principado de;Tasa de riesgo de pobreza o exclusión social (indicador AROPE);2019;24,6
03 Asturias, Principado de;Tasa de riesgo de pobreza o exclusión social (indicador AROPE);2018;20,9
03 Asturias, Principado de;Tasa de riesgo de pobreza o exclusión social (indicador AROPE);2017;17,2
03 Asturias, Principado de;Tasa de riesgo de pobreza o exclusión social (indicador AROPE);2016;18,5
03 Asturias, Principado de;Tasa de riesgo de pobreza o exclusión social (indicador AROPE);2015;24,2
03 Asturias, Principado de;Tasa de riesgo de pobreza o exclusión social (indicador AROPE);2014;23,4
03 Asturias, Principado de;Tasa de riesgo de pobreza o exclusión social (indicador AROPE);2013;21,8
03 Asturias, Principado de;Tasa de riesgo de pobreza o exclusión social (indicador AROPE);2012;24,5
03 Asturias, Principado de;Tasa de riesgo de pobreza o exclusión social (indicador AROPE);2011;20,4
03 Asturias, Principado de;Tasa de riesgo de pobreza o exclusión social (indicador AROPE);2010;16,5
03 Asturias, Principado de;Tasa de riesgo de pobreza o exclusión social (indicador AROPE);2009;18,8
03 Asturias, Principado de;Tasa de riesgo de pobreza o exclusión social (indicador AROPE);2008;19,5
03 Asturias, Principado de;En riesgo de pobreza (renta año anterior a la entrevista);2020;22,2
03 Asturias, Principado de;En riesgo de pobreza (renta año anterior a la entrevista);2019;20,7
03 Asturias, Principado de;En riesgo de pobreza (renta año anterior a la entrevista);2018;14
03 Asturias, Principado de;En riesgo de pobreza (renta año anterior a la entrevista);2017;12,6
03 Asturias, Principado de;En riesgo de pobreza (renta año anterior a la entrevista);2016;13,4
03 Asturias, Principado de;En riesgo de pobreza (renta año anterior a la entrevista);2015;16,7
03 Asturias, Principado de;En riesgo de pobreza (renta año anterior a la entrevista);2014;16,7
03 Asturias, Principado de;En riesgo de pobreza (renta año anterior a la entrevista);2013;14,1
03 Asturias, Principado de;En riesgo de pobreza (renta año anterior a la entrevista);2012;13
03 Asturias, Principado de;En riesgo de pobreza (renta año anterior a la entrevista);2011;14,1
03 Asturias, Principado de;En riesgo de pobreza (renta año anterior a la entrevista);2010;11,5
03 Asturias, Principado de;En riesgo de pobreza (renta año anterior a la entrevista);2009;13
03 Asturias, Principado de;En riesgo de pobreza (renta año anterior a la entrevista);2008;13,2
03 Asturias, Principado de;Con carencia material severa;2020;4,5
03 Asturias, Principado de;Con carencia material severa;2019;3,4
03 Asturias, Principado de;Con carencia material severa;2018;6
03 Asturias, Principado de;Con carencia material severa;2017;3,5
03 Asturias, Principado de;Con carencia material severa;2016;3,9
03 Asturias, Principado de;Con carencia material severa;2015;6,9
03 Asturias, Principado de;Con carencia material severa;2014;5,1
03 Asturias, Principado de;Con carencia material severa;2013;4,2
03 Asturias, Principado de;Con carencia material severa;2012;3,3
03 Asturias, Principado de;Con carencia material severa;2011;0,8
03 Asturias, Principado de;Con carencia material severa;2010;1,1
03 Asturias, Principado de;Con carencia material severa;2009;1,4
03 Asturias, Principado de;Con carencia material severa;2008;1,6
03 Asturias, Principado de;Viviendo en hogares con baja intensidad en el trabajo (de 0 a 59 años);2020;17,8
03 Asturias, Principado de;Viviendo en hogares con baja intensidad en el trabajo (de 0 a 59 años);2019;14,1
03 Asturias, Principado de;Viviendo en hogares con baja intensidad en el trabajo (de 0 a 59 años);2018;13,6
03 Asturias, Principado de;Viviendo en hogares con baja intensidad en el trabajo (de 0 a 59 años);2017;11,5
03 Asturias, Principado de;Viviendo en hogares con baja intensidad en el trabajo (de 0 a 59 años);2016;14,7
03 Asturias, Principado de;Viviendo en hogares con baja intensidad en el trabajo (de 0 a 59 años);2015;16,4
03 Asturias, Principado de;Viviendo en hogares con baja intensidad en el trabajo (de 0 a 59 años);2014;18
03 Asturias, Principado de;Viviendo en hogares con baja intensidad en el trabajo (de 0 a 59 años);2013;16,5
03 Asturias, Principado de;Viviendo en hogares con baja intensidad en el trabajo (de 0 a 59 años);2012;22,6
03 Asturias, Principado de;Viviendo en hogares con baja intensidad en el trabajo (de 0 a 59 años);2011;12,8
03 Asturias, Principado de;Viviendo en hogares con baja intensidad en el trabajo (de 0 a 59 años);2010;8,8
03 Asturias, Principado de;Viviendo en hogares con baja intensidad en el trabajo (de 0 a 59 años);2009;8,7
03 Asturias, Principado de;Viviendo en hogares con baja intensidad en el trabajo (de 0 a 59 años);2008;9,1
04 Balears, Illes;Tasa de riesgo de pobreza o exclusión social (indicador AROPE);2020;22
04 Balears, Illes;Tasa de riesgo de pobreza o exclusión social (indicador AROPE);2019;15,1
04 Balears, Illes;Tasa de riesgo de pobreza o exclusión social (indicador AROPE);2018;18,1
04 Balears, Illes;Tasa de riesgo de pobreza o exclusión social (indicador AROPE);2017;24,7
04 Balears, Illes;Tasa de riesgo de pobreza o exclusión social (indicador AROPE);2016;19,1
04 Balears, Illes;Tasa de riesgo de pobreza o exclusión social (indicador AROPE);2015;26,3
04 Balears, Illes;Tasa de riesgo de pobreza o exclusión social (indicador AROPE);2014;23,8
04 Balears, Illes;Tasa de riesgo de pobreza o exclusión social (indicador AROPE);2013;27,8
04 Balears, Illes;Tasa de riesgo de pobreza o exclusión social (indicador AROPE);2012;25,1
04 Balears, Illes;Tasa de riesgo de pobreza o exclusión social (indicador AROPE);2011;26,7
04 Balears, Illes;Tasa de riesgo de pobreza o exclusión social (indicador AROPE);2010;26
04 Balears, Illes;Tasa de riesgo de pobreza o exclusión social (indicador AROPE);2009;24,3
04 Balears, Illes;Tasa de riesgo de pobreza o exclusión social (indicador AROPE);2008;23,6
04 Balears, Illes;En riesgo de pobreza (renta año anterior a la entrevista);2020;14,1
04 Balears, Illes;En riesgo de pobreza (renta año anterior a la entrevista);2019;12
04 Balears, Illes;En riesgo de pobreza (renta año anterior a la entrevista);2018;15,4
04 Balears, Illes;En riesgo de pobreza (renta año anterior a la entrevista);2017;21,3
04 Balears, Illes;En riesgo de pobreza (renta año anterior a la entrevista);2016;15,5
04 Balears, Illes;En riesgo de pobreza (renta año anterior a la entrevista);2015;21,7
04 Balears, Illes;En riesgo de pobreza (renta año anterior a la entrevista);2014;17,9
04 Balears, Illes;En riesgo de pobreza (renta año anterior a la entrevista);2013;19,8
04 Balears, Illes;En riesgo de pobreza (renta año anterior a la entrevista);2012;19,9
04 Balears, Illes;En riesgo de pobreza (renta año anterior a la entrevista);2011;21
04 Balears, Illes;En riesgo de pobreza (renta año anterior a la entrevista);2010;22,7
04 Balears, Illes;En riesgo de pobreza (renta año anterior a la entrevista);2009;18,1
04 Balears, Illes;En riesgo de pobreza (renta año anterior a la entrevista);2008;18,1
04 Balears, Illes;Con carencia material severa;2020;6,9
04 Balears, Illes;Con carencia material severa;2019;2,9
04 Balears, Illes;Con carencia material severa;2018;5,3
04 Balears, Illes;Con carencia material severa;2017;6,9
04 Balears, Illes;Con carencia material severa;2016;3,7
04 Balears, Illes;Con carencia material severa;2015;7,7
04 Balears, Illes;Con carencia material severa;2014;9,8
04 Balears, Illes;Con carencia material severa;2013;10,4
04 Balears, Illes;Con carencia material severa;2012;7,9
04 Balears, Illes;Con carencia material severa;2011;7,4
04 Balears, Illes;Con carencia material severa;2010;4,7
04 Balears, Illes;Con carencia material severa;2009;6,3
04 Balears, Illes;Con carencia material severa;2008;3,6
04 Balears, Illes;Viviendo en hogares con baja intensidad en el trabajo (de 0 a 59 años);2020;4,5
04 Balears, Illes;Viviendo en hogares con baja intensidad en el trabajo (de 0 a 59 años);2019;3,5
04 Balears, Illes;Viviendo en hogares con baja intensidad en el trabajo (de 0 a 59 años);2018;4,4
04 Balears, Illes;Viviendo en hogares con baja intensidad en el trabajo (de 0 a 59 años);2017;3,7
04 Balears, Illes;Viviendo en hogares con baja intensidad en el trabajo (de 0 a 59 años);2016;6,7
04 Balears, Illes;Viviendo en hogares con baja intensidad en el trabajo (de 0 a 59 años);2015;8,4
04 Balears, Illes;Viviendo en hogares con baja intensidad en el trabajo (de 0 a 59 años);2014;7,5
04 Balears, Illes;Viviendo en hogares con baja intensidad en el trabajo (de 0 a 59 años);2013;7,1
04 Balears, Illes;Viviendo en hogares con baja intensidad en el trabajo (de 0 a 59 años);2012;10,5
04 Balears, Illes;Viviendo en hogares con baja intensidad en el trabajo (de 0 a 59 años);2011;13,1
04 Balears, Illes;Viviendo en hogares con baja intensidad en el trabajo (de 0 a 59 años);2010;11,2
04 Balears, Illes;Viviendo en hogares con baja intensidad en el trabajo (de 0 a 59 años);2009;5
04 Balears, Illes;Viviendo en hogares con baja intensidad en el trabajo (de 0 a 59 años);2008;5
05 Canarias;Tasa de riesgo de pobreza o exclusión social (indicador AROPE);2020;36,3
05 Canarias;Tasa de riesgo de pobreza o exclusión social (indicador AROPE);2019;35
05 Canarias;Tasa de riesgo de pobreza o exclusión social (indicador AROPE);2018;36,4
05 Canarias;Tasa de riesgo de pobreza o exclusión social (indicador AROPE);2017;40,2
05 Canarias;Tasa de riesgo de pobreza o exclusión social (indicador AROPE);2016;44,6
05 Canarias;Tasa de riesgo de pobreza o exclusión social (indicador AROPE);2015;37,9
05 Canarias;Tasa de riesgo de pobreza o exclusión social (indicador AROPE);2014;37
05 Canarias;Tasa de riesgo de pobreza o exclusión social (indicador AROPE);2013;35,5
05 Canarias;Tasa de riesgo de pobreza o exclusión social (indicador AROPE);2012;40,3
05 Canarias;Tasa de riesgo de pobreza o exclusión social (indicador AROPE);2011;37,8
05 Canarias;Tasa de riesgo de pobreza o exclusión social (indicador AROPE);2010;35,7
05 Canarias;Tasa de riesgo de pobreza o exclusión social (indicador AROPE);2009;38,2
05 Canarias;Tasa de riesgo de pobreza o exclusión social (indicador AROPE);2008;34,8
05 Canarias;En riesgo de pobreza (renta año anterior a la entrevista);2020;29,9
05 Canarias;En riesgo de pobreza (renta año anterior a la entrevista);2019;28,5
05 Canarias;En riesgo de pobreza (renta año anterior a la entrevista);2018;32,1
05 Canarias;En riesgo de pobreza (renta año anterior a la entrevista);2017;30,5
05 Canarias;En riesgo de pobreza (renta año anterior a la entrevista);2016;35
05 Canarias;En riesgo de pobreza (renta año anterior a la entrevista);2015;28,5
05 Canarias;En riesgo de pobreza (renta año anterior a la entrevista);2014;27,6
05 Canarias;En riesgo de pobreza (renta año anterior a la entrevista);2013;28,4
05 Canarias;En riesgo de pobreza (renta año anterior a la entrevista);2012;33,6
05 Canarias;En riesgo de pobreza (renta año anterior a la entrevista);2011;30,1
05 Canarias;En riesgo de pobreza (renta año anterior a la entrevista);2010;29,7
05 Canarias;En riesgo de pobreza (renta año anterior a la entrevista);2009;30,4
05 Canarias;En riesgo de pobreza (renta año anterior a la entrevista);2008;30,7
05 Canarias;Con carencia material severa;2020;10,7
05 Canarias;Con carencia material severa;2019;3,9
05 Canarias;Con carencia material severa;2018;8,8
05 Canarias;Con carencia material severa;2017;13,6
05 Canarias;Con carencia material severa;2016;10,8
05 Canarias;Con carencia material severa;2015;12,4
05 Canarias;Con carencia material severa;2014;7,2
05 Canarias;Con carencia material severa;2013;8,5
05 Canarias;Con carencia material severa;2012;6,5
05 Canarias;Con carencia material severa;2011;3,9
05 Canarias;Con carencia material severa;2010;3,5
05 Canarias;Con carencia material severa;2009;12,7
05 Canarias;Con carencia material severa;2008;3,9
05 Canarias;Viviendo en hogares con baja intensidad en el trabajo (de 0 a 59 años);2020;15,3
05 Canarias;Viviendo en hogares con baja intensidad en el trabajo (de 0 a 59 años);2019;14,8
05 Canarias;Viviendo en hogares con baja intensidad en el trabajo (de 0 a 59 años);2018;16,3
05 Canarias;Viviendo en hogares con baja intensidad en el trabajo (de 0 a 59 años);2017;19,2
05 Canarias;Viviendo en hogares con baja intensidad en el trabajo (de 0 a 59 años);2016;29,5
05 Canarias;Viviendo en hogares con baja intensidad en el trabajo (de 0 a 59 años);2015;20,8
05 Canarias;Viviendo en hogares con baja intensidad en el trabajo (de 0 a 59 años);2014;28,1
05 Canarias;Viviendo en hogares con baja intensidad en el trabajo (de 0 a 59 años);2013;22,8
05 Canarias;Viviendo en hogares con baja intensidad en el trabajo (de 0 a 59 años);2012;21,5
05 Canarias;Viviendo en hogares con baja intensidad en el trabajo (de 0 a 59 años);2011;19,9
05 Canarias;Viviendo en hogares con baja intensidad en el trabajo (de 0 a 59 años);2010;14,8
05 Canarias;Viviendo en hogares con baja intensidad en el trabajo (de 0 a 59 años);2009;12
05 Canarias;Viviendo en hogares con baja intensidad en el trabajo (de 0 a 59 años);2008;9,3
06 Cantabria;Tasa de riesgo de pobreza o exclusión social (indicador AROPE);2020;23,7
06 Cantabria;Tasa de riesgo de pobreza o exclusión social (indicador AROPE);2019;19,4
06 Cantabria;Tasa de riesgo de pobreza o exclusión social (indicador AROPE);2018;25
06 Cantabria;Tasa de riesgo de pobreza o exclusión social (indicador AROPE);2017;20,5
06 Cantabria;Tasa de riesgo de pobreza o exclusión social (indicador AROPE);2016;24,6
06 Cantabria;Tasa de riesgo de pobreza o exclusión social (indicador AROPE);2015;20,4
06 Cantabria;Tasa de riesgo de pobreza o exclusión social (indicador AROPE);2014;27,4
06 Cantabria;Tasa de riesgo de pobreza o exclusión social (indicador AROPE);2013;25,3
06 Cantabria;Tasa de riesgo de pobreza o exclusión social (indicador AROPE);2012;24,1
06 Cantabria;Tasa de riesgo de pobreza o exclusión social (indicador AROPE);2011;23
06 Cantabria;Tasa de riesgo de pobreza o exclusión social (indicador AROPE);2010;22,5
06 Cantabria;Tasa de riesgo de pobreza o exclusión social (indicador AROPE);2009;17,3
06 Cantabria;Tasa de riesgo de pobreza o exclusión social (indicador AROPE);2008;19,9
06 Cantabria;En riesgo de pobreza (renta año anterior a la entrevista);2020;18
06 Cantabria;En riesgo de pobreza (renta año anterior a la entrevista);2019;17,3
06 Cantabria;En riesgo de pobreza (renta año anterior a la entrevista);2018;19,9
06 Cantabria;En riesgo de pobreza (renta año anterior a la entrevista);2017;17,6
06 Cantabria;En riesgo de pobreza (renta año anterior a la entrevista);2016;15,3
06 Cantabria;En riesgo de pobreza (renta año anterior a la entrevista);2015;14,9
06 Cantabria;En riesgo de pobreza (renta año anterior a la entrevista);2014;20,6
06 Cantabria;En riesgo de pobreza (renta año anterior a la entrevista);2013;17,8
06 Cantabria;En riesgo de pobreza (renta año anterior a la entrevista);2012;17,7
06 Cantabria;En riesgo de pobreza (renta año anterior a la entrevista);2011;16,7
06 Cantabria;En riesgo de pobreza (renta año anterior a la entrevista);2010;20,1
06 Cantabria;En riesgo de pobreza (renta año anterior a la entrevista);2009;13,9
06 Cantabria;En riesgo de pobreza (renta año anterior a la entrevista);2008;14,3
06 Cantabria;Con carencia material severa;2020;4,4
06 Cantabria;Con carencia material severa;2019;0,9
06 Cantabria;Con carencia material severa;2018;3,6
06 Cantabria;Con carencia material severa;2017;2,2
06 Cantabria;Con carencia material severa;2016;7,5
06 Cantabria;Con carencia material severa;2015;3,5
06 Cantabria;Con carencia material severa;2014;3,5
06 Cantabria;Con carencia material severa;2013;3,9
06 Cantabria;Con carencia material severa;2012;2,3
06 Cantabria;Con carencia material severa;2011;1,5
06 Cantabria;Con carencia material severa;2010;1,5
06 Cantabria;Con carencia material severa;2009;1,2
06 Cantabria;Con carencia material severa;2008;1
06 Cantabria;Viviendo en hogares con baja intensidad en el trabajo (de 0 a 59 años);2020;7,8
06 Cantabria;Viviendo en hogares con baja intensidad en el trabajo (de 0 a 59 años);2019;7,9
06 Cantabria;Viviendo en hogares con baja intensidad en el trabajo (de 0 a 59 años);2018;11,2
06 Cantabria;Viviendo en hogares con baja intensidad en el trabajo (de 0 a 59 años);2017;9,3
06 Cantabria;Viviendo en hogares con baja intensidad en el trabajo (de 0 a 59 años);2016;16
06 Cantabria;Viviendo en hogares con baja intensidad en el trabajo (de 0 a 59 años);2015;15,5
06 Cantabria;Viviendo en hogares con baja intensidad en el trabajo (de 0 a 59 años);2014;18,4
06 Cantabria;Viviendo en hogares con baja intensidad en el trabajo (de 0 a 59 años);2013;11,1
06 Cantabria;Viviendo en hogares con baja intensidad en el trabajo (de 0 a 59 años);2012;11,9
06 Cantabria;Viviendo en hogares con baja intensidad en el trabajo (de 0 a 59 años);2011;13,8
06 Cantabria;Viviendo en hogares con baja intensidad en el trabajo (de 0 a 59 años);2010;8,9
06 Cantabria;Viviendo en hogares con baja intensidad en el trabajo (de 0 a 59 años);2009;6,8
06 Cantabria;Viviendo en hogares con baja intensidad en el trabajo (de 0 a 59 años);2008;9,2
07 Castilla y León;Tasa de riesgo de pobreza o exclusión social (indicador AROPE);2020;19,8
07 Castilla y León;Tasa de riesgo de pobreza o exclusión social (indicador AROPE);2019;16,7
07 Castilla y León;Tasa de riesgo de pobreza o exclusión social (indicador AROPE);2018;19,5
07 Castilla y León;Tasa de riesgo de pobreza o exclusión social (indicador AROPE);2017;18,4
07 Castilla y León;Tasa de riesgo de pobreza o exclusión social (indicador AROPE);2016;23,2
07 Castilla y León;Tasa de riesgo de pobreza o exclusión social (indicador AROPE);2015;23,3
07 Castilla y León;Tasa de riesgo de pobreza o exclusión social (indicador AROPE);2014;26,1
07 Castilla y León;Tasa de riesgo de pobreza o exclusión social (indicador AROPE);2013;20,8
07 Castilla y León;Tasa de riesgo de pobreza o exclusión social (indicador AROPE);2012;20,4
07 Castilla y León;Tasa de riesgo de pobreza o exclusión social (indicador AROPE);2011;22,3
07 Castilla y León;Tasa de riesgo de pobreza o exclusión social (indicador AROPE);2010;23,8
07 Castilla y León;Tasa de riesgo de pobreza o exclusión social (indicador AROPE);2009;22,1
07 Castilla y León;Tasa de riesgo de pobreza o exclusión social (indicador AROPE);2008;21,4
07 Castilla y León;En riesgo de pobreza (renta año anterior a la entrevista);2020;15,1
07 Castilla y León;En riesgo de pobreza (renta año anterior a la entrevista);2019;12,9
07 Castilla y León;En riesgo de pobreza (renta año anterior a la entrevista);2018;16,1
07 Castilla y León;En riesgo de pobreza (renta año anterior a la entrevista);2017;15,4
07 Castilla y León;En riesgo de pobreza (renta año anterior a la entrevista);2016;17,7
07 Castilla y León;En riesgo de pobreza (renta año anterior a la entrevista);2015;18,3
07 Castilla y León;En riesgo de pobreza (renta año anterior a la entrevista);2014;20,4
07 Castilla y León;En riesgo de pobreza (renta año anterior a la entrevista);2013;17,5
07 Castilla y León;En riesgo de pobreza (renta año anterior a la entrevista);2012;15,9
07 Castilla y León;En riesgo de pobreza (renta año anterior a la entrevista);2011;17,6
07 Castilla y León;En riesgo de pobreza (renta año anterior a la entrevista);2010;19,5
07 Castilla y León;En riesgo de pobreza (renta año anterior a la entrevista);2009;18,8
07 Castilla y León;En riesgo de pobreza (renta año anterior a la entrevista);2008;17,5
07 Castilla y León;Con carencia material severa;2020;3,6
07 Castilla y León;Con carencia material severa;2019;2,3
07 Castilla y León;Con carencia material severa;2018;1,9
07 Castilla y León;Con carencia material severa;2017;1
07 Castilla y León;Con carencia material severa;2016;2
07 Castilla y León;Con carencia material severa;2015;2,3
07 Castilla y León;Con carencia material severa;2014;2,6
07 Castilla y León;Con carencia material severa;2013;1,8
07 Castilla y León;Con carencia material severa;2012;2,2
07 Castilla y León;Con carencia material severa;2011;3,7
07 Castilla y León;Con carencia material severa;2010;2,9
07 Castilla y León;Con carencia material severa;2009;2,1
07 Castilla y León;Con carencia material severa;2008;0,8
07 Castilla y León;Viviendo en hogares con baja intensidad en el trabajo (de 0 a 59 años);2020;7,9
07 Castilla y León;Viviendo en hogares con baja intensidad en el trabajo (de 0 a 59 años);2019;7,4
07 Castilla y León;Viviendo en hogares con baja intensidad en el trabajo (de 0 a 59 años);2018;8,8
07 Castilla y León;Viviendo en hogares con baja intensidad en el trabajo (de 0 a 59 años);2017;9,2
07 Castilla y León;Viviendo en hogares con baja intensidad en el trabajo (de 0 a 59 años);2016;14,2
07 Castilla y León;Viviendo en hogares con baja intensidad en el trabajo (de 0 a 59 años);2015;16,5
07 Castilla y León;Viviendo en hogares con baja intensidad en el trabajo (de 0 a 59 años);2014;17,7
07 Castilla y León;Viviendo en hogares con baja intensidad en el trabajo (de 0 a 59 años);2013;12,8
07 Castilla y León;Viviendo en hogares con baja intensidad en el trabajo (de 0 a 59 años);2012;9,7
07 Castilla y León;Viviendo en hogares con baja intensidad en el trabajo (de 0 a 59 años);2011;8,2
07 Castilla y León;Viviendo en hogares con baja intensidad en el trabajo (de 0 a 59 años);2010;10,4
07 Castilla y León;Viviendo en hogares con baja intensidad en el trabajo (de 0 a 59 años);2009;8,3
07 Castilla y León;Viviendo en hogares con baja intensidad en el trabajo (de 0 a 59 años);2008;5,5
08 Castilla - La Mancha;Tasa de riesgo de pobreza o exclusión social (indicador AROPE);2020;29,8
08 Castilla - La Mancha;Tasa de riesgo de pobreza o exclusión social (indicador AROPE);2019;30,7
08 Castilla - La Mancha;Tasa de riesgo de pobreza o exclusión social (indicador AROPE);2018;33,5
08 Castilla - La Mancha;Tasa de riesgo de pobreza o exclusión social (indicador AROPE);2017;33,9
08 Castilla - La Mancha;Tasa de riesgo de pobreza o exclusión social (indicador AROPE);2016;37,9
08 Castilla - La Mancha;Tasa de riesgo de pobreza o exclusión social (indicador AROPE);2015;36,7
08 Castilla - La Mancha;Tasa de riesgo de pobreza o exclusión social (indicador AROPE);2014;36,9
08 Castilla - La Mancha;Tasa de riesgo de pobreza o exclusión social (indicador AROPE);2013;36,7
08 Castilla - La Mancha;Tasa de riesgo de pobreza o exclusión social (indicador AROPE);2012;35,1
08 Castilla - La Mancha;Tasa de riesgo de pobreza o exclusión social (indicador AROPE);2011;35,3
08 Castilla - La Mancha;Tasa de riesgo de pobreza o exclusión social (indicador AROPE);2010;32,3
08 Castilla - La Mancha;Tasa de riesgo de pobreza o exclusión social (indicador AROPE);2009;28,6
08 Castilla - La Mancha;Tasa de riesgo de pobreza o exclusión social (indicador AROPE);2008;28,8
08 Castilla - La Mancha;En riesgo de pobreza (renta año anterior a la entrevista);2020;25,1
08 Castilla - La Mancha;En riesgo de pobreza (renta año anterior a la entrevista);2019;26,2
08 Castilla - La Mancha;En riesgo de pobreza (renta año anterior a la entrevista);2018;29,9
08 Castilla - La Mancha;En riesgo de pobreza (renta año anterior a la entrevista);2017;28,1
08 Castilla - La Mancha;En riesgo de pobreza (renta año anterior a la entrevista);2016;31,7
08 Castilla - La Mancha;En riesgo de pobreza (renta año anterior a la entrevista);2015;28,5
08 Castilla - La Mancha;En riesgo de pobreza (renta año anterior a la entrevista);2014;28,4
08 Castilla - La Mancha;En riesgo de pobreza (renta año anterior a la entrevista);2013;31,3
08 Castilla - La Mancha;En riesgo de pobreza (renta año anterior a la entrevista);2012;30
08 Castilla - La Mancha;En riesgo de pobreza (renta año anterior a la entrevista);2011;29,4
08 Castilla - La Mancha;En riesgo de pobreza (renta año anterior a la entrevista);2010;28,3
08 Castilla - La Mancha;En riesgo de pobreza (renta año anterior a la entrevista);2009;24,8
08 Castilla - La Mancha;En riesgo de pobreza (renta año anterior a la entrevista);2008;26,4
08 Castilla - La Mancha;Con carencia material severa;2020;3,1
08 Castilla - La Mancha;Con carencia material severa;2019;7,4
08 Castilla - La Mancha;Con carencia material severa;2018;7,2
08 Castilla - La Mancha;Con carencia material severa;2017;4,4
08 Castilla - La Mancha;Con carencia material severa;2016;7,6
08 Castilla - La Mancha;Con carencia material severa;2015;8,5
08 Castilla - La Mancha;Con carencia material severa;2014;8,7
08 Castilla - La Mancha;Con carencia material severa;2013;5,8
08 Castilla - La Mancha;Con carencia material severa;2012;5,7
08 Castilla - La Mancha;Con carencia material severa;2011;3,9
08 Castilla - La Mancha;Con carencia material severa;2010;3,8
08 Castilla - La Mancha;Con carencia material severa;2009;3,8
08 Castilla - La Mancha;Con carencia material severa;2008;2,4
08 Castilla - La Mancha;Viviendo en hogares con baja intensidad en el trabajo (de 0 a 59 años);2020;8
08 Castilla - La Mancha;Viviendo en hogares con baja intensidad en el trabajo (de 0 a 59 años);2019;11,8
08 Castilla - La Mancha;Viviendo en hogares con baja intensidad en el trabajo (de 0 a 59 años);2018;12,3
08 Castilla - La Mancha;Viviendo en hogares con baja intensidad en el trabajo (de 0 a 59 años);2017;12,8
08 Castilla - La Mancha;Viviendo en hogares con baja intensidad en el trabajo (de 0 a 59 años);2016;18,8
08 Castilla - La Mancha;Viviendo en hogares con baja intensidad en el trabajo (de 0 a 59 años);2015;15,6
08 Castilla - La Mancha;Viviendo en hogares con baja intensidad en el trabajo (de 0 a 59 años);2014;14,9
08 Castilla - La Mancha;Viviendo en hogares con baja intensidad en el trabajo (de 0 a 59 años);2013;19,9
08 Castilla - La Mancha;Viviendo en hogares con baja intensidad en el trabajo (de 0 a 59 años);2012;15,3
08 Castilla - La Mancha;Viviendo en hogares con baja intensidad en el trabajo (de 0 a 59 años);2011;14,8
08 Castilla - La Mancha;Viviendo en hogares con baja intensidad en el trabajo (de 0 a 59 años);2010;11,3
08 Castilla - La Mancha;Viviendo en hogares con baja intensidad en el trabajo (de 0 a 59 años);2009;6
08 Castilla - La Mancha;Viviendo en hogares con baja intensidad en el trabajo (de 0 a 59 años);2008;5
09 Cataluña;Tasa de riesgo de pobreza o exclusión social (indicador AROPE);2020;22,8
09 Cataluña;Tasa de riesgo de pobreza o exclusión social (indicador AROPE);2019;18,8
09 Cataluña;Tasa de riesgo de pobreza o exclusión social (indicador AROPE);2018;18,9
09 Cataluña;Tasa de riesgo de pobreza o exclusión social (indicador AROPE);2017;19,4
09 Cataluña;Tasa de riesgo de pobreza o exclusión social (indicador AROPE);2016;17,9
09 Cataluña;Tasa de riesgo de pobreza o exclusión social (indicador AROPE);2015;19,8
09 Cataluña;Tasa de riesgo de pobreza o exclusión social (indicador AROPE);2014;21,8
09 Cataluña;Tasa de riesgo de pobreza o exclusión social (indicador AROPE);2013;20,1
09 Cataluña;Tasa de riesgo de pobreza o exclusión social (indicador AROPE);2012;22,6
09 Cataluña;Tasa de riesgo de pobreza o exclusión social (indicador AROPE);2011;21,6
09 Cataluña;Tasa de riesgo de pobreza o exclusión social (indicador AROPE);2010;19,8
09 Cataluña;Tasa de riesgo de pobreza o exclusión social (indicador AROPE);2009;19
09 Cataluña;Tasa de riesgo de pobreza o exclusión social (indicador AROPE);2008;15,6
09 Cataluña;En riesgo de pobreza (renta año anterior a la entrevista);2020;16,7
09 Cataluña;En riesgo de pobreza (renta año anterior a la entrevista);2019;13,9
09 Cataluña;En riesgo de pobreza (renta año anterior a la entrevista);2018;13,6
09 Cataluña;En riesgo de pobreza (renta año anterior a la entrevista);2017;15
09 Cataluña;En riesgo de pobreza (renta año anterior a la entrevista);2016;13,2
09 Cataluña;En riesgo de pobreza (renta año anterior a la entrevista);2015;13,9
09 Cataluña;En riesgo de pobreza (renta año anterior a la entrevista);2014;15,8
09 Cataluña;En riesgo de pobreza (renta año anterior a la entrevista);2013;13,9
09 Cataluña;En riesgo de pobreza (renta año anterior a la entrevista);2012;15,8
09 Cataluña;En riesgo de pobreza (renta año anterior a la entrevista);2011;14,2
09 Cataluña;En riesgo de pobreza (renta año anterior a la entrevista);2010;14,7
09 Cataluña;En riesgo de pobreza (renta año anterior a la entrevista);2009;15,2
09 Cataluña;En riesgo de pobreza (renta año anterior a la entrevista);2008;12,3
09 Cataluña;Con carencia material severa;2020;6,2
09 Cataluña;Con carencia material severa;2019;5,7
09 Cataluña;Con carencia material severa;2018;6,5
09 Cataluña;Con carencia material severa;2017;5
09 Cataluña;Con carencia material severa;2016;5,5
09 Cataluña;Con carencia material severa;2015;6,7
09 Cataluña;Con carencia material severa;2014;6,3
09 Cataluña;Con carencia material severa;2013;6,1
09 Cataluña;Con carencia material severa;2012;7,4
09 Cataluña;Con carencia material severa;2011;7,2
09 Cataluña;Con carencia material severa;2010;5,1
09 Cataluña;Con carencia material severa;2009;3,1
09 Cataluña;Con carencia material severa;2008;2,7
09 Cataluña;Viviendo en hogares con baja intensidad en el trabajo (de 0 a 59 años);2020;9,8
09 Cataluña;Viviendo en hogares con baja intensidad en el trabajo (de 0 a 59 años);2019;8,3
09 Cataluña;Viviendo en hogares con baja intensidad en el trabajo (de 0 a 59 años);2018;5,8
09 Cataluña;Viviendo en hogares con baja intensidad en el trabajo (de 0 a 59 años);2017;8,8
09 Cataluña;Viviendo en hogares con baja intensidad en el trabajo (de 0 a 59 años);2016;7,2
09 Cataluña;Viviendo en hogares con baja intensidad en el trabajo (de 0 a 59 años);2015;8,8
09 Cataluña;Viviendo en hogares con baja intensidad en el trabajo (de 0 a 59 años);2014;12
09 Cataluña;Viviendo en hogares con baja intensidad en el trabajo (de 0 a 59 años);2013;10,8
09 Cataluña;Viviendo en hogares con baja intensidad en el trabajo (de 0 a 59 años);2012;11,5
09 Cataluña;Viviendo en hogares con baja intensidad en el trabajo (de 0 a 59 años);2011;11,6
09 Cataluña;Viviendo en hogares con baja intensidad en el trabajo (de 0 a 59 años);2010;9
09 Cataluña;Viviendo en hogares con baja intensidad en el trabajo (de 0 a 59 años);2009;5,6
09 Cataluña;Viviendo en hogares con baja intensidad en el trabajo (de 0 a 59 años);2008;5,2
10 Comunitat Valenciana;Tasa de riesgo de pobreza o exclusión social (indicador AROPE);2020;29,3
10 Comunitat Valenciana;Tasa de riesgo de pobreza o exclusión social (indicador AROPE);2019;27
10 Comunitat Valenciana;Tasa de riesgo de pobreza o exclusión social (indicador AROPE);2018;30,2
10 Comunitat Valenciana;Tasa de riesgo de pobreza o exclusión social (indicador AROPE);2017;31,3
10 Comunitat Valenciana;Tasa de riesgo de pobreza o exclusión social (indicador AROPE);2016;30,5
10 Comunitat Valenciana;Tasa de riesgo de pobreza o exclusión social (indicador AROPE);2015;32,9
10 Comunitat Valenciana;Tasa de riesgo de pobreza o exclusión social (indicador AROPE);2014;34,7
10 Comunitat Valenciana;Tasa de riesgo de pobreza o exclusión social (indicador AROPE);2013;31,7
10 Comunitat Valenciana;Tasa de riesgo de pobreza o exclusión social (indicador AROPE);2012;30,6
10 Comunitat Valenciana;Tasa de riesgo de pobreza o exclusión social (indicador AROPE);2011;27,9
10 Comunitat Valenciana;Tasa de riesgo de pobreza o exclusión social (indicador AROPE);2010;29,6
10 Comunitat Valenciana;Tasa de riesgo de pobreza o exclusión social (indicador AROPE);2009;26,5
10 Comunitat Valenciana;Tasa de riesgo de pobreza o exclusión social (indicador AROPE);2008;27,5
10 Comunitat Valenciana;En riesgo de pobreza (renta año anterior a la entrevista);2020;24,6
10 Comunitat Valenciana;En riesgo de pobreza (renta año anterior a la entrevista);2019;23,7
10 Comunitat Valenciana;En riesgo de pobreza (renta año anterior a la entrevista);2018;26
10 Comunitat Valenciana;En riesgo de pobreza (renta año anterior a la entrevista);2017;25,6
10 Comunitat Valenciana;En riesgo de pobreza (renta año anterior a la entrevista);2016;24,4
10 Comunitat Valenciana;En riesgo de pobreza (renta año anterior a la entrevista);2015;25,3
10 Comunitat Valenciana;En riesgo de pobreza (renta año anterior a la entrevista);2014;26,2
10 Comunitat Valenciana;En riesgo de pobreza (renta año anterior a la entrevista);2013;23,6
10 Comunitat Valenciana;En riesgo de pobreza (renta año anterior a la entrevista);2012;25
10 Comunitat Valenciana;En riesgo de pobreza (renta año anterior a la entrevista);2011;22
10 Comunitat Valenciana;En riesgo de pobreza (renta año anterior a la entrevista);2010;22,7
10 Comunitat Valenciana;En riesgo de pobreza (renta año anterior a la entrevista);2009;20,9
10 Comunitat Valenciana;En riesgo de pobreza (renta año anterior a la entrevista);2008;23,6
10 Comunitat Valenciana;Con carencia material severa;2020;11,5
10 Comunitat Valenciana;Con carencia material severa;2019;4,8
10 Comunitat Valenciana;Con carencia material severa;2018;2,9
10 Comunitat Valenciana;Con carencia material severa;2017;7,4
10 Comunitat Valenciana;Con carencia material severa;2016;7,5
10 Comunitat Valenciana;Con carencia material severa;2015;6,7
10 Comunitat Valenciana;Con carencia material severa;2014;11,3
10 Comunitat Valenciana;Con carencia material severa;2013;7,1
10 Comunitat Valenciana;Con carencia material severa;2012;6,4
10 Comunitat Valenciana;Con carencia material severa;2011;3,9
10 Comunitat Valenciana;Con carencia material severa;2010;5,6
10 Comunitat Valenciana;Con carencia material severa;2009;5,5
10 Comunitat Valenciana;Con carencia material severa;2008;4
10 Comunitat Valenciana;Viviendo en hogares con baja intensidad en el trabajo (de 0 a 59 años);2020;11,3
10 Comunitat Valenciana;Viviendo en hogares con baja intensidad en el trabajo (de 0 a 59 años);2019;10,1
10 Comunitat Valenciana;Viviendo en hogares con baja intensidad en el trabajo (de 0 a 59 años);2018;10,7
10 Comunitat Valenciana;Viviendo en hogares con baja intensidad en el trabajo (de 0 a 59 años);2017;13,6
10 Comunitat Valenciana;Viviendo en hogares con baja intensidad en el trabajo (de 0 a 59 años);2016;14,6
10 Comunitat Valenciana;Viviendo en hogares con baja intensidad en el trabajo (de 0 a 59 años);2015;18,1
10 Comunitat Valenciana;Viviendo en hogares con baja intensidad en el trabajo (de 0 a 59 años);2014;18,1
10 Comunitat Valenciana;Viviendo en hogares con baja intensidad en el trabajo (de 0 a 59 años);2013;16,9
10 Comunitat Valenciana;Viviendo en hogares con baja intensidad en el trabajo (de 0 a 59 años);2012;15
10 Comunitat Valenciana;Viviendo en hogares con baja intensidad en el trabajo (de 0 a 59 años);2011;14,7
10 Comunitat Valenciana;Viviendo en hogares con baja intensidad en el trabajo (de 0 a 59 años);2010;13,5
10 Comunitat Valenciana;Viviendo en hogares con baja intensidad en el trabajo (de 0 a 59 años);2009;7,8
10 Comunitat Valenciana;Viviendo en hogares con baja intensidad en el trabajo (de 0 a 59 años);2008;6,4
11 Extremadura;Tasa de riesgo de pobreza o exclusión social (indicador AROPE);2020;38,7
11 Extremadura;Tasa de riesgo de pobreza o exclusión social (indicador AROPE);2019;37,7
11 Extremadura;Tasa de riesgo de pobreza o exclusión social (indicador AROPE);2018;44,6
11 Extremadura;Tasa de riesgo de pobreza o exclusión social (indicador AROPE);2017;44,3
11 Extremadura;Tasa de riesgo de pobreza o exclusión social (indicador AROPE);2016;35,8
11 Extremadura;Tasa de riesgo de pobreza o exclusión social (indicador AROPE);2015;35,2
11 Extremadura;Tasa de riesgo de pobreza o exclusión social (indicador AROPE);2014;39,8
11 Extremadura;Tasa de riesgo de pobreza o exclusión social (indicador AROPE);2013;36,1
11 Extremadura;Tasa de riesgo de pobreza o exclusión social (indicador AROPE);2012;35,2
11 Extremadura;Tasa de riesgo de pobreza o exclusión social (indicador AROPE);2011;36
11 Extremadura;Tasa de riesgo de pobreza o exclusión social (indicador AROPE);2010;40,3
11 Extremadura;Tasa de riesgo de pobreza o exclusión social (indicador AROPE);2009;35,4
11 Extremadura;Tasa de riesgo de pobreza o exclusión social (indicador AROPE);2008;37,9
11 Extremadura;En riesgo de pobreza (renta año anterior a la entrevista);2020;31,4
11 Extremadura;En riesgo de pobreza (renta año anterior a la entrevista);2019;31,5
11 Extremadura;En riesgo de pobreza (renta año anterior a la entrevista);2018;37,6
11 Extremadura;En riesgo de pobreza (renta año anterior a la entrevista);2017;38,8
11 Extremadura;En riesgo de pobreza (renta año anterior a la entrevista);2016;30,4
11 Extremadura;En riesgo de pobreza (renta año anterior a la entrevista);2015;29
11 Extremadura;En riesgo de pobreza (renta año anterior a la entrevista);2014;33,1
11 Extremadura;En riesgo de pobreza (renta año anterior a la entrevista);2013;30,9
11 Extremadura;En riesgo de pobreza (renta año anterior a la entrevista);2012;29,4
11 Extremadura;En riesgo de pobreza (renta año anterior a la entrevista);2011;31,7
11 Extremadura;En riesgo de pobreza (renta año anterior a la entrevista);2010;35,7
11 Extremadura;En riesgo de pobreza (renta año anterior a la entrevista);2009;30,9
11 Extremadura;En riesgo de pobreza (renta año anterior a la entrevista);2008;35,3
11 Extremadura;Con carencia material severa;2020;8,8
11 Extremadura;Con carencia material severa;2019;6,3
11 Extremadura;Con carencia material severa;2018;8,5
11 Extremadura;Con carencia material severa;2017;5,6
11 Extremadura;Con carencia material severa;2016;3,4
11 Extremadura;Con carencia material severa;2015;2,4
11 Extremadura;Con carencia material severa;2014;3,8
11 Extremadura;Con carencia material severa;2013;3,7
11 Extremadura;Con carencia material severa;2012;3,5
11 Extremadura;Con carencia material severa;2011;2
11 Extremadura;Con carencia material severa;2010;6,1
11 Extremadura;Con carencia material severa;2009;1,3
11 Extremadura;Con carencia material severa;2008;2,2
11 Extremadura;Viviendo en hogares con baja intensidad en el trabajo (de 0 a 59 años);2020;11,9
11 Extremadura;Viviendo en hogares con baja intensidad en el trabajo (de 0 a 59 años);2019;12,9
11 Extremadura;Viviendo en hogares con baja intensidad en el trabajo (de 0 a 59 años);2018;15,3
11 Extremadura;Viviendo en hogares con baja intensidad en el trabajo (de 0 a 59 años);2017;15,4
11 Extremadura;Viviendo en hogares con baja intensidad en el trabajo (de 0 a 59 años);2016;20,3
11 Extremadura;Viviendo en hogares con baja intensidad en el trabajo (de 0 a 59 años);2015;19,3
11 Extremadura;Viviendo en hogares con baja intensidad en el trabajo (de 0 a 59 años);2014;22,2
11 Extremadura;Viviendo en hogares con baja intensidad en el trabajo (de 0 a 59 años);2013;17,8
11 Extremadura;Viviendo en hogares con baja intensidad en el trabajo (de 0 a 59 años);2012;17,9
11 Extremadura;Viviendo en hogares con baja intensidad en el trabajo (de 0 a 59 años);2011;14
11 Extremadura;Viviendo en hogares con baja intensidad en el trabajo (de 0 a 59 años);2010;15
11 Extremadura;Viviendo en hogares con baja intensidad en el trabajo (de 0 a 59 años);2009;10,6
11 Extremadura;Viviendo en hogares con baja intensidad en el trabajo (de 0 a 59 años);2008;8,8
12 Galicia;Tasa de riesgo de pobreza o exclusión social (indicador AROPE);2020;25,7
12 Galicia;Tasa de riesgo de pobreza o exclusión social (indicador AROPE);2019;24,3
12 Galicia;Tasa de riesgo de pobreza o exclusión social (indicador AROPE);2018;23
12 Galicia;Tasa de riesgo de pobreza o exclusión social (indicador AROPE);2017;22,6
12 Galicia;Tasa de riesgo de pobreza o exclusión social (indicador AROPE);2016;25,4
12 Galicia;Tasa de riesgo de pobreza o exclusión social (indicador AROPE);2015;25,7
12 Galicia;Tasa de riesgo de pobreza o exclusión social (indicador AROPE);2014;23,8
12 Galicia;Tasa de riesgo de pobreza o exclusión social (indicador AROPE);2013;24,3
12 Galicia;Tasa de riesgo de pobreza o exclusión social (indicador AROPE);2012;23,8
12 Galicia;Tasa de riesgo de pobreza o exclusión social (indicador AROPE);2011;21
12 Galicia;Tasa de riesgo de pobreza o exclusión social (indicador AROPE);2010;22,7
12 Galicia;Tasa de riesgo de pobreza o exclusión social (indicador AROPE);2009;24,6
12 Galicia;Tasa de riesgo de pobreza o exclusión social (indicador AROPE);2008;25,1
12 Galicia;En riesgo de pobreza (renta año anterior a la entrevista);2020;22,1
12 Galicia;En riesgo de pobreza (renta año anterior a la entrevista);2019;20
12 Galicia;En riesgo de pobreza (renta año anterior a la entrevista);2018;18,8
12 Galicia;En riesgo de pobreza (renta año anterior a la entrevista);2017;18,7
12 Galicia;En riesgo de pobreza (renta año anterior a la entrevista);2016;19
12 Galicia;En riesgo de pobreza (renta año anterior a la entrevista);2015;19,4
12 Galicia;En riesgo de pobreza (renta año anterior a la entrevista);2014;15,4
12 Galicia;En riesgo de pobreza (renta año anterior a la entrevista);2013;17,2
12 Galicia;En riesgo de pobreza (renta año anterior a la entrevista);2012;18,3
12 Galicia;En riesgo de pobreza (renta año anterior a la entrevista);2011;16,1
12 Galicia;En riesgo de pobreza (renta año anterior a la entrevista);2010;18,1
12 Galicia;En riesgo de pobreza (renta año anterior a la entrevista);2009;20,6
12 Galicia;En riesgo de pobreza (renta año anterior a la entrevista);2008;20,9
12 Galicia;Con carencia material severa;2020;5,2
12 Galicia;Con carencia material severa;2019;3,6
12 Galicia;Con carencia material severa;2018;1,6
12 Galicia;Con carencia material severa;2017;2,4
12 Galicia;Con carencia material severa;2016;4,1
12 Galicia;Con carencia material severa;2015;4,2
12 Galicia;Con carencia material severa;2014;5,5
12 Galicia;Con carencia material severa;2013;4,6
12 Galicia;Con carencia material severa;2012;4,1
12 Galicia;Con carencia material severa;2011;2,5
12 Galicia;Con carencia material severa;2010;4,4
12 Galicia;Con carencia material severa;2009;3,4
12 Galicia;Con carencia material severa;2008;3
12 Galicia;Viviendo en hogares con baja intensidad en el trabajo (de 0 a 59 años);2020;8,5
12 Galicia;Viviendo en hogares con baja intensidad en el trabajo (de 0 a 59 años);2019;11,9
12 Galicia;Viviendo en hogares con baja intensidad en el trabajo (de 0 a 59 años);2018;11,1
12 Galicia;Viviendo en hogares con baja intensidad en el trabajo (de 0 a 59 años);2017;12
12 Galicia;Viviendo en hogares con baja intensidad en el trabajo (de 0 a 59 años);2016;13,6
12 Galicia;Viviendo en hogares con baja intensidad en el trabajo (de 0 a 59 años);2015;13,8
12 Galicia;Viviendo en hogares con baja intensidad en el trabajo (de 0 a 59 años);2014;14,9
12 Galicia;Viviendo en hogares con baja intensidad en el trabajo (de 0 a 59 años);2013;14,1
12 Galicia;Viviendo en hogares con baja intensidad en el trabajo (de 0 a 59 años);2012;14,7
12 Galicia;Viviendo en hogares con baja intensidad en el trabajo (de 0 a 59 años);2011;11,9
12 Galicia;Viviendo en hogares con baja intensidad en el trabajo (de 0 a 59 años);2010;12,2
12 Galicia;Viviendo en hogares con baja intensidad en el trabajo (de 0 a 59 años);2009;7,9
12 Galicia;Viviendo en hogares con baja intensidad en el trabajo (de 0 a 59 años);2008;7,6
13 Madrid, Comunidad de;Tasa de riesgo de pobreza o exclusión social (indicador AROPE);2020;20,9
13 Madrid, Comunidad de;Tasa de riesgo de pobreza o exclusión social (indicador AROPE);2019;19
13 Madrid, Comunidad de;Tasa de riesgo de pobreza o exclusión social (indicador AROPE);2018;19
13 Madrid, Comunidad de;Tasa de riesgo de pobreza o exclusión social (indicador AROPE);2017;20,6
13 Madrid, Comunidad de;Tasa de riesgo de pobreza o exclusión social (indicador AROPE);2016;21,7
13 Madrid, Comunidad de;Tasa de riesgo de pobreza o exclusión social (indicador AROPE);2015;20,5
13 Madrid, Comunidad de;Tasa de riesgo de pobreza o exclusión social (indicador AROPE);2014;19,2
13 Madrid, Comunidad de;Tasa de riesgo de pobreza o exclusión social (indicador AROPE);2013;20,1
13 Madrid, Comunidad de;Tasa de riesgo de pobreza o exclusión social (indicador AROPE);2012;19,8
13 Madrid, Comunidad de;Tasa de riesgo de pobreza o exclusión social (indicador AROPE);2011;18,6
13 Madrid, Comunidad de;Tasa de riesgo de pobreza o exclusión social (indicador AROPE);2010;19,3
13 Madrid, Comunidad de;Tasa de riesgo de pobreza o exclusión social (indicador AROPE);2009;19,6
13 Madrid, Comunidad de;Tasa de riesgo de pobreza o exclusión social (indicador AROPE);2008;19,3
13 Madrid, Comunidad de;En riesgo de pobreza (renta año anterior a la entrevista);2020;15,4
13 Madrid, Comunidad de;En riesgo de pobreza (renta año anterior a la entrevista);2019;15
13 Madrid, Comunidad de;En riesgo de pobreza (renta año anterior a la entrevista);2018;16,1
13 Madrid, Comunidad de;En riesgo de pobreza (renta año anterior a la entrevista);2017;16,9
13 Madrid, Comunidad de;En riesgo de pobreza (renta año anterior a la entrevista);2016;18,2
13 Madrid, Comunidad de;En riesgo de pobreza (renta año anterior a la entrevista);2015;15,1
13 Madrid, Comunidad de;En riesgo de pobreza (renta año anterior a la entrevista);2014;14,7
13 Madrid, Comunidad de;En riesgo de pobreza (renta año anterior a la entrevista);2013;13,4
13 Madrid, Comunidad de;En riesgo de pobreza (renta año anterior a la entrevista);2012;14,2
13 Madrid, Comunidad de;En riesgo de pobreza (renta año anterior a la entrevista);2011;14
13 Madrid, Comunidad de;En riesgo de pobreza (renta año anterior a la entrevista);2010;14,4
13 Madrid, Comunidad de;En riesgo de pobreza (renta año anterior a la entrevista);2009;15,9
13 Madrid, Comunidad de;En riesgo de pobreza (renta año anterior a la entrevista);2008;14,9
13 Madrid, Comunidad de;Con carencia material severa;2020;6,9
13 Madrid, Comunidad de;Con carencia material severa;2019;4,5
13 Madrid, Comunidad de;Con carencia material severa;2018;4,7
13 Madrid, Comunidad de;Con carencia material severa;2017;5,4
13 Madrid, Comunidad de;Con carencia material severa;2016;4,3
13 Madrid, Comunidad de;Con carencia material severa;2015;5,7
13 Madrid, Comunidad de;Con carencia material severa;2014;4,8
13 Madrid, Comunidad de;Con carencia material severa;2013;7,3
13 Madrid, Comunidad de;Con carencia material severa;2012;5,6
13 Madrid, Comunidad de;Con carencia material severa;2011;2,7
13 Madrid, Comunidad de;Con carencia material severa;2010;5,3
13 Madrid, Comunidad de;Con carencia material severa;2009;4,7
13 Madrid, Comunidad de;Con carencia material severa;2008;5,2
13 Madrid, Comunidad de;Viviendo en hogares con baja intensidad en el trabajo (de 0 a 59 años);2020;6
13 Madrid, Comunidad de;Viviendo en hogares con baja intensidad en el trabajo (de 0 a 59 años);2019;6,8
13 Madrid, Comunidad de;Viviendo en hogares con baja intensidad en el trabajo (de 0 a 59 años);2018;6,5
13 Madrid, Comunidad de;Viviendo en hogares con baja intensidad en el trabajo (de 0 a 59 años);2017;9,2
13 Madrid, Comunidad de;Viviendo en hogares con baja intensidad en el trabajo (de 0 a 59 años);2016;10,4
13 Madrid, Comunidad de;Viviendo en hogares con baja intensidad en el trabajo (de 0 a 59 años);2015;10,5
13 Madrid, Comunidad de;Viviendo en hogares con baja intensidad en el trabajo (de 0 a 59 años);2014;9,6
13 Madrid, Comunidad de;Viviendo en hogares con baja intensidad en el trabajo (de 0 a 59 años);2013;9,3
13 Madrid, Comunidad de;Viviendo en hogares con baja intensidad en el trabajo (de 0 a 59 años);2012;8,2
13 Madrid, Comunidad de;Viviendo en hogares con baja intensidad en el trabajo (de 0 a 59 años);2011;7,9
13 Madrid, Comunidad de;Viviendo en hogares con baja intensidad en el trabajo (de 0 a 59 años);2010;5,6
13 Madrid, Comunidad de;Viviendo en hogares con baja intensidad en el trabajo (de 0 a 59 años);2009;5,1
13 Madrid, Comunidad de;Viviendo en hogares con baja intensidad en el trabajo (de 0 a 59 años);2008;3,5
14 Murcia, Región de;Tasa de riesgo de pobreza o exclusión social (indicador AROPE);2020;29,7
14 Murcia, Región de;Tasa de riesgo de pobreza o exclusión social (indicador AROPE);2019;31,9
14 Murcia, Región de;Tasa de riesgo de pobreza o exclusión social (indicador AROPE);2018;32,7
14 Murcia, Región de;Tasa de riesgo de pobreza o exclusión social (indicador AROPE);2017;34,7
14 Murcia, Región de;Tasa de riesgo de pobreza o exclusión social (indicador AROPE);2016;34,8
14 Murcia, Región de;Tasa de riesgo de pobreza o exclusión social (indicador AROPE);2015;38,8
14 Murcia, Región de;Tasa de riesgo de pobreza o exclusión social (indicador AROPE);2014;44,9
14 Murcia, Región de;Tasa de riesgo de pobreza o exclusión social (indicador AROPE);2013;34,1
14 Murcia, Región de;Tasa de riesgo de pobreza o exclusión social (indicador AROPE);2012;33,5
14 Murcia, Región de;Tasa de riesgo de pobreza o exclusión social (indicador AROPE);2011;31,9
14 Murcia, Región de;Tasa de riesgo de pobreza o exclusión social (indicador AROPE);2010;37,5
14 Murcia, Región de;Tasa de riesgo de pobreza o exclusión social (indicador AROPE);2009;33,3
14 Murcia, Región de;Tasa de riesgo de pobreza o exclusión social (indicador AROPE);2008;27,5
14 Murcia, Región de;En riesgo de pobreza (renta año anterior a la entrevista);2020;25
14 Murcia, Región de;En riesgo de pobreza (renta año anterior a la entrevista);2019;27,7
14 Murcia, Región de;En riesgo de pobreza (renta año anterior a la entrevista);2018;28,6
14 Murcia, Región de;En riesgo de pobreza (renta año anterior a la entrevista);2017;30,1
14 Murcia, Región de;En riesgo de pobreza (renta año anterior a la entrevista);2016;28,9
14 Murcia, Región de;En riesgo de pobreza (renta año anterior a la entrevista);2015;31,8
14 Murcia, Región de;En riesgo de pobreza (renta año anterior a la entrevista);2014;37,2
14 Murcia, Región de;En riesgo de pobreza (renta año anterior a la entrevista);2013;26,8
14 Murcia, Región de;En riesgo de pobreza (renta año anterior a la entrevista);2012;25,2
14 Murcia, Región de;En riesgo de pobreza (renta año anterior a la entrevista);2011;25,8
14 Murcia, Región de;En riesgo de pobreza (renta año anterior a la entrevista);2010;29,8
14 Murcia, Región de;En riesgo de pobreza (renta año anterior a la entrevista);2009;29,1
14 Murcia, Región de;En riesgo de pobreza (renta año anterior a la entrevista);2008;24,5
14 Murcia, Región de;Con carencia material severa;2020;7,6
14 Murcia, Región de;Con carencia material severa;2019;4,3
14 Murcia, Región de;Con carencia material severa;2018;5,7
14 Murcia, Región de;Con carencia material severa;2017;6,2
14 Murcia, Región de;Con carencia material severa;2016;9,5
14 Murcia, Región de;Con carencia material severa;2015;9
14 Murcia, Región de;Con carencia material severa;2014;11,8
14 Murcia, Región de;Con carencia material severa;2013;9
14 Murcia, Región de;Con carencia material severa;2012;9,1
14 Murcia, Región de;Con carencia material severa;2011;5,8
14 Murcia, Región de;Con carencia material severa;2010;15
14 Murcia, Región de;Con carencia material severa;2009;8,2
14 Murcia, Región de;Con carencia material severa;2008;5,4
14 Murcia, Región de;Viviendo en hogares con baja intensidad en el trabajo (de 0 a 59 años);2020;9,2
14 Murcia, Región de;Viviendo en hogares con baja intensidad en el trabajo (de 0 a 59 años);2019;9,2
14 Murcia, Región de;Viviendo en hogares con baja intensidad en el trabajo (de 0 a 59 años);2018;10
14 Murcia, Región de;Viviendo en hogares con baja intensidad en el trabajo (de 0 a 59 años);2017;12,6
14 Murcia, Región de;Viviendo en hogares con baja intensidad en el trabajo (de 0 a 59 años);2016;13,4
14 Murcia, Región de;Viviendo en hogares con baja intensidad en el trabajo (de 0 a 59 años);2015;16,1
14 Murcia, Región de;Viviendo en hogares con baja intensidad en el trabajo (de 0 a 59 años);2014;22,2
14 Murcia, Región de;Viviendo en hogares con baja intensidad en el trabajo (de 0 a 59 años);2013;17,3
14 Murcia, Región de;Viviendo en hogares con baja intensidad en el trabajo (de 0 a 59 años);2012;16
14 Murcia, Región de;Viviendo en hogares con baja intensidad en el trabajo (de 0 a 59 años);2011;14,5
14 Murcia, Región de;Viviendo en hogares con baja intensidad en el trabajo (de 0 a 59 años);2010;11,2
14 Murcia, Región de;Viviendo en hogares con baja intensidad en el trabajo (de 0 a 59 años);2009;7,6
14 Murcia, Región de;Viviendo en hogares con baja intensidad en el trabajo (de 0 a 59 años);2008;5,5
15 Navarra, Comunidad Foral de;Tasa de riesgo de pobreza o exclusión social (indicador AROPE);2020;12
15 Navarra, Comunidad Foral de;Tasa de riesgo de pobreza o exclusión social (indicador AROPE);2019;11,7
15 Navarra, Comunidad Foral de;Tasa de riesgo de pobreza o exclusión social (indicador AROPE);2018;12,6
15 Navarra, Comunidad Foral de;Tasa de riesgo de pobreza o exclusión social (indicador AROPE);2017;13,5
15 Navarra, Comunidad Foral de;Tasa de riesgo de pobreza o exclusión social (indicador AROPE);2016;13
15 Navarra, Comunidad Foral de;Tasa de riesgo de pobreza o exclusión social (indicador AROPE);2015;13
15 Navarra, Comunidad Foral de;Tasa de riesgo de pobreza o exclusión social (indicador AROPE);2014;14,5
15 Navarra, Comunidad Foral de;Tasa de riesgo de pobreza o exclusión social (indicador AROPE);2013;14,5
15 Navarra, Comunidad Foral de;Tasa de riesgo de pobreza o exclusión social (indicador AROPE);2012;12
15 Navarra, Comunidad Foral de;Tasa de riesgo de pobreza o exclusión social (indicador AROPE);2011;13,1
15 Navarra, Comunidad Foral de;Tasa de riesgo de pobreza o exclusión social (indicador AROPE);2010;13,8
15 Navarra, Comunidad Foral de;Tasa de riesgo de pobreza o exclusión social (indicador AROPE);2009;10,4
15 Navarra, Comunidad Foral de;Tasa de riesgo de pobreza o exclusión social (indicador AROPE);2008;8,6
15 Navarra, Comunidad Foral de;En riesgo de pobreza (renta año anterior a la entrevista);2020;9,9
15 Navarra, Comunidad Foral de;En riesgo de pobreza (renta año anterior a la entrevista);2019;7,7
15 Navarra, Comunidad Foral de;En riesgo de pobreza (renta año anterior a la entrevista);2018;8,9
15 Navarra, Comunidad Foral de;En riesgo de pobreza (renta año anterior a la entrevista);2017;8,3
15 Navarra, Comunidad Foral de;En riesgo de pobreza (renta año anterior a la entrevista);2016;9
15 Navarra, Comunidad Foral de;En riesgo de pobreza (renta año anterior a la entrevista);2015;9,6
15 Navarra, Comunidad Foral de;En riesgo de pobreza (renta año anterior a la entrevista);2014;11,9
15 Navarra, Comunidad Foral de;En riesgo de pobreza (renta año anterior a la entrevista);2013;9,9
15 Navarra, Comunidad Foral de;En riesgo de pobreza (renta año anterior a la entrevista);2012;7
15 Navarra, Comunidad Foral de;En riesgo de pobreza (renta año anterior a la entrevista);2011;8,1
15 Navarra, Comunidad Foral de;En riesgo de pobreza (renta año anterior a la entrevista);2010;10,7
15 Navarra, Comunidad Foral de;En riesgo de pobreza (renta año anterior a la entrevista);2009;7,8
15 Navarra, Comunidad Foral de;En riesgo de pobreza (renta año anterior a la entrevista);2008;5,9
15 Navarra, Comunidad Foral de;Con carencia material severa;2020;6,2
15 Navarra, Comunidad Foral de;Con carencia material severa;2019;3
15 Navarra, Comunidad Foral de;Con carencia material severa;2018;5,9
15 Navarra, Comunidad Foral de;Con carencia material severa;2017;0,3
15 Navarra, Comunidad Foral de;Con carencia material severa;2016;3,4
15 Navarra, Comunidad Foral de;Con carencia material severa;2015;2,2
15 Navarra, Comunidad Foral de;Con carencia material severa;2014;1,2
15 Navarra, Comunidad Foral de;Con carencia material severa;2013;0,6
15 Navarra, Comunidad Foral de;Con carencia material severa;2012;4,1
15 Navarra, Comunidad Foral de;Con carencia material severa;2011;4,4
15 Navarra, Comunidad Foral de;Con carencia material severa;2010;2,5
15 Navarra, Comunidad Foral de;Con carencia material severa;2009;2,1
15 Navarra, Comunidad Foral de;Con carencia material severa;2008;1,5
15 Navarra, Comunidad Foral de;Viviendo en hogares con baja intensidad en el trabajo (de 0 a 59 años);2020;7,5
15 Navarra, Comunidad Foral de;Viviendo en hogares con baja intensidad en el trabajo (de 0 a 59 años);2019;5,5
15 Navarra, Comunidad Foral de;Viviendo en hogares con baja intensidad en el trabajo (de 0 a 59 años);2018;8,1
15 Navarra, Comunidad Foral de;Viviendo en hogares con baja intensidad en el trabajo (de 0 a 59 años);2017;8,2
15 Navarra, Comunidad Foral de;Viviendo en hogares con baja intensidad en el trabajo (de 0 a 59 años);2016;8,4
15 Navarra, Comunidad Foral de;Viviendo en hogares con baja intensidad en el trabajo (de 0 a 59 años);2015;7,1
15 Navarra, Comunidad Foral de;Viviendo en hogares con baja intensidad en el trabajo (de 0 a 59 años);2014;7,5
15 Navarra, Comunidad Foral de;Viviendo en hogares con baja intensidad en el trabajo (de 0 a 59 años);2013;8
15 Navarra, Comunidad Foral de;Viviendo en hogares con baja intensidad en el trabajo (de 0 a 59 años);2012;8
15 Navarra, Comunidad Foral de;Viviendo en hogares con baja intensidad en el trabajo (de 0 a 59 años);2011;5
15 Navarra, Comunidad Foral de;Viviendo en hogares con baja intensidad en el trabajo (de 0 a 59 años);2010;5,1
15 Navarra, Comunidad Foral de;Viviendo en hogares con baja intensidad en el trabajo (de 0 a 59 años);2009;3,8
15 Navarra, Comunidad Foral de;Viviendo en hogares con baja intensidad en el trabajo (de 0 a 59 años);2008;3,1
16 País Vasco;Tasa de riesgo de pobreza o exclusión social (indicador AROPE);2020;13,9
16 País Vasco;Tasa de riesgo de pobreza o exclusión social (indicador AROPE);2019;14,4
16 País Vasco;Tasa de riesgo de pobreza o exclusión social (indicador AROPE);2018;12,1
16 País Vasco;Tasa de riesgo de pobreza o exclusión social (indicador AROPE);2017;14,5
16 País Vasco;Tasa de riesgo de pobreza o exclusión social (indicador AROPE);2016;15,9
16 País Vasco;Tasa de riesgo de pobreza o exclusión social (indicador AROPE);2015;17,6
16 País Vasco;Tasa de riesgo de pobreza o exclusión social (indicador AROPE);2014;15,3
16 País Vasco;Tasa de riesgo de pobreza o exclusión social (indicador AROPE);2013;16,8
16 País Vasco;Tasa de riesgo de pobreza o exclusión social (indicador AROPE);2012;17,7
16 País Vasco;Tasa de riesgo de pobreza o exclusión social (indicador AROPE);2011;18,9
16 País Vasco;Tasa de riesgo de pobreza o exclusión social (indicador AROPE);2010;16,3
16 País Vasco;Tasa de riesgo de pobreza o exclusión social (indicador AROPE);2009;14,8
16 País Vasco;Tasa de riesgo de pobreza o exclusión social (indicador AROPE);2008;13,9
16 País Vasco;En riesgo de pobreza (renta año anterior a la entrevista);2020;10
16 País Vasco;En riesgo de pobreza (renta año anterior a la entrevista);2019;10
16 País Vasco;En riesgo de pobreza (renta año anterior a la entrevista);2018;8,6
16 País Vasco;En riesgo de pobreza (renta año anterior a la entrevista);2017;9,7
16 País Vasco;En riesgo de pobreza (renta año anterior a la entrevista);2016;9
16 País Vasco;En riesgo de pobreza (renta año anterior a la entrevista);2015;10,9
16 País Vasco;En riesgo de pobreza (renta año anterior a la entrevista);2014;10,2
16 País Vasco;En riesgo de pobreza (renta año anterior a la entrevista);2013;10,5
16 País Vasco;En riesgo de pobreza (renta año anterior a la entrevista);2012;13,3
16 País Vasco;En riesgo de pobreza (renta año anterior a la entrevista);2011;13,8
16 País Vasco;En riesgo de pobreza (renta año anterior a la entrevista);2010;11,7
16 País Vasco;En riesgo de pobreza (renta año anterior a la entrevista);2009;10
16 País Vasco;En riesgo de pobreza (renta año anterior a la entrevista);2008;9,1
16 País Vasco;Con carencia material severa;2020;5
16 País Vasco;Con carencia material severa;2019;3,5
16 País Vasco;Con carencia material severa;2018;3,2
16 País Vasco;Con carencia material severa;2017;3,7
16 País Vasco;Con carencia material severa;2016;4,2
16 País Vasco;Con carencia material severa;2015;4,6
16 País Vasco;Con carencia material severa;2014;4,8
16 País Vasco;Con carencia material severa;2013;4,8
16 País Vasco;Con carencia material severa;2012;2,1
16 País Vasco;Con carencia material severa;2011;4
16 País Vasco;Con carencia material severa;2010;2,1
16 País Vasco;Con carencia material severa;2009;3,4
16 País Vasco;Con carencia material severa;2008;2,8
16 País Vasco;Viviendo en hogares con baja intensidad en el trabajo (de 0 a 59 años);2020;7,4
16 País Vasco;Viviendo en hogares con baja intensidad en el trabajo (de 0 a 59 años);2019;10,3
16 País Vasco;Viviendo en hogares con baja intensidad en el trabajo (de 0 a 59 años);2018;7,1
16 País Vasco;Viviendo en hogares con baja intensidad en el trabajo (de 0 a 59 años);2017;7,7
16 País Vasco;Viviendo en hogares con baja intensidad en el trabajo (de 0 a 59 años);2016;13,7
16 País Vasco;Viviendo en hogares con baja intensidad en el trabajo (de 0 a 59 años);2015;14,3
16 País Vasco;Viviendo en hogares con baja intensidad en el trabajo (de 0 a 59 años);2014;12,2
16 País Vasco;Viviendo en hogares con baja intensidad en el trabajo (de 0 a 59 años);2013;13
16 País Vasco;Viviendo en hogares con baja intensidad en el trabajo (de 0 a 59 años);2012;11,1
16 País Vasco;Viviendo en hogares con baja intensidad en el trabajo (de 0 a 59 años);2011;9,8
16 País Vasco;Viviendo en hogares con baja intensidad en el trabajo (de 0 a 59 años);2010;8,8
16 País Vasco;Viviendo en hogares con baja intensidad en el trabajo (de 0 a 59 años);2009;5,5
16 País Vasco;Viviendo en hogares con baja intensidad en el trabajo (de 0 a 59 años);2008;6,5
17 Rioja, La;Tasa de riesgo de pobreza o exclusión social (indicador AROPE);2020;19
17 Rioja, La;Tasa de riesgo de pobreza o exclusión social (indicador AROPE);2019;15,2
17 Rioja, La;Tasa de riesgo de pobreza o exclusión social (indicador AROPE);2018;20,4
17 Rioja, La;Tasa de riesgo de pobreza o exclusión social (indicador AROPE);2017;14,4
17 Rioja, La;Tasa de riesgo de pobreza o exclusión social (indicador AROPE);2016;17,4
17 Rioja, La;Tasa de riesgo de pobreza o exclusión social (indicador AROPE);2015;22,1
17 Rioja, La;Tasa de riesgo de pobreza o exclusión social (indicador AROPE);2014;20,1
17 Rioja, La;Tasa de riesgo de pobreza o exclusión social (indicador AROPE);2013;22,2
17 Rioja, La;Tasa de riesgo de pobreza o exclusión social (indicador AROPE);2012;22,6
17 Rioja, La;Tasa de riesgo de pobreza o exclusión social (indicador AROPE);2011;26,1
17 Rioja, La;Tasa de riesgo de pobreza o exclusión social (indicador AROPE);2010;27,3
17 Rioja, La;Tasa de riesgo de pobreza o exclusión social (indicador AROPE);2009;19,5
17 Rioja, La;Tasa de riesgo de pobreza o exclusión social (indicador AROPE);2008;19,6
17 Rioja, La;En riesgo de pobreza (renta año anterior a la entrevista);2020;15
17 Rioja, La;En riesgo de pobreza (renta año anterior a la entrevista);2019;12,3
17 Rioja, La;En riesgo de pobreza (renta año anterior a la entrevista);2018;16,6
17 Rioja, La;En riesgo de pobreza (renta año anterior a la entrevista);2017;9,7
17 Rioja, La;En riesgo de pobreza (renta año anterior a la entrevista);2016;11,9
17 Rioja, La;En riesgo de pobreza (renta año anterior a la entrevista);2015;17,1
17 Rioja, La;En riesgo de pobreza (renta año anterior a la entrevista);2014;16,2
17 Rioja, La;En riesgo de pobreza (renta año anterior a la entrevista);2013;19,3
17 Rioja, La;En riesgo de pobreza (renta año anterior a la entrevista);2012;16,8
17 Rioja, La;En riesgo de pobreza (renta año anterior a la entrevista);2011;20,6
17 Rioja, La;En riesgo de pobreza (renta año anterior a la entrevista);2010;21,2
17 Rioja, La;En riesgo de pobreza (renta año anterior a la entrevista);2009;17,2
17 Rioja, La;En riesgo de pobreza (renta año anterior a la entrevista);2008;16,2
17 Rioja, La;Con carencia material severa;2020;2,3
17 Rioja, La;Con carencia material severa;2019;1,6
17 Rioja, La;Con carencia material severa;2018;3,5
17 Rioja, La;Con carencia material severa;2017;2,9
17 Rioja, La;Con carencia material severa;2016;5,9
17 Rioja, La;Con carencia material severa;2015;4,8
17 Rioja, La;Con carencia material severa;2014;5,6
17 Rioja, La;Con carencia material severa;2013;6,6
17 Rioja, La;Con carencia material severa;2012;6,3
17 Rioja, La;Con carencia material severa;2011;5,5
17 Rioja, La;Con carencia material severa;2010;5,3
17 Rioja, La;Con carencia material severa;2009;1,7
17 Rioja, La;Con carencia material severa;2008;2,8
17 Rioja, La;Viviendo en hogares con baja intensidad en el trabajo (de 0 a 59 años);2020;6
17 Rioja, La;Viviendo en hogares con baja intensidad en el trabajo (de 0 a 59 años);2019;6,3
17 Rioja, La;Viviendo en hogares con baja intensidad en el trabajo (de 0 a 59 años);2018;8,8
17 Rioja, La;Viviendo en hogares con baja intensidad en el trabajo (de 0 a 59 años);2017;5,4
17 Rioja, La;Viviendo en hogares con baja intensidad en el trabajo (de 0 a 59 años);2016;9,2
17 Rioja, La;Viviendo en hogares con baja intensidad en el trabajo (de 0 a 59 años);2015;10,4
17 Rioja, La;Viviendo en hogares con baja intensidad en el trabajo (de 0 a 59 años);2014;10,7
17 Rioja, La;Viviendo en hogares con baja intensidad en el trabajo (de 0 a 59 años);2013;10,4
17 Rioja, La;Viviendo en hogares con baja intensidad en el trabajo (de 0 a 59 años);2012;10,4
17 Rioja, La;Viviendo en hogares con baja intensidad en el trabajo (de 0 a 59 años);2011;13,1
17 Rioja, La;Viviendo en hogares con baja intensidad en el trabajo (de 0 a 59 años);2010;13,9
17 Rioja, La;Viviendo en hogares con baja intensidad en el trabajo (de 0 a 59 años);2009;5,1
17 Rioja, La;Viviendo en hogares con baja intensidad en el trabajo (de 0 a 59 años);2008;3,2
18 Ceuta;Tasa de riesgo de pobreza o exclusión social (indicador AROPE);2020;38,8
18 Ceuta;Tasa de riesgo de pobreza o exclusión social (indicador AROPE);2019;45,9
18 Ceuta;Tasa de riesgo de pobreza o exclusión social (indicador AROPE);2018;49,3
18 Ceuta;Tasa de riesgo de pobreza o exclusión social (indicador AROPE);2017;35,8
18 Ceuta;Tasa de riesgo de pobreza o exclusión social (indicador AROPE);2016;41,9
18 Ceuta;Tasa de riesgo de pobreza o exclusión social (indicador AROPE);2015;41,7
18 Ceuta;Tasa de riesgo de pobreza o exclusión social (indicador AROPE);2014;47,9
18 Ceuta;Tasa de riesgo de pobreza o exclusión social (indicador AROPE);2013;47
18 Ceuta;Tasa de riesgo de pobreza o exclusión social (indicador AROPE);2012;38,4
18 Ceuta;Tasa de riesgo de pobreza o exclusión social (indicador AROPE);2011;33,6
18 Ceuta;Tasa de riesgo de pobreza o exclusión social (indicador AROPE);2010;35,9
18 Ceuta;Tasa de riesgo de pobreza o exclusión social (indicador AROPE);2009;37,3
18 Ceuta;Tasa de riesgo de pobreza o exclusión social (indicador AROPE);2008;43,4
18 Ceuta;En riesgo de pobreza (renta año anterior a la entrevista);2020;35,3
18 Ceuta;En riesgo de pobreza (renta año anterior a la entrevista);2019;40,6
18 Ceuta;En riesgo de pobreza (renta año anterior a la entrevista);2018;38,3
18 Ceuta;En riesgo de pobreza (renta año anterior a la entrevista);2017;32,5
18 Ceuta;En riesgo de pobreza (renta año anterior a la entrevista);2016;36
18 Ceuta;En riesgo de pobreza (renta año anterior a la entrevista);2015;31
18 Ceuta;En riesgo de pobreza (renta año anterior a la entrevista);2014;44,3
18 Ceuta;En riesgo de pobreza (renta año anterior a la entrevista);2013;40,8
18 Ceuta;En riesgo de pobreza (renta año anterior a la entrevista);2012;32,2
18 Ceuta;En riesgo de pobreza (renta año anterior a la entrevista);2011;26,3
18 Ceuta;En riesgo de pobreza (renta año anterior a la entrevista);2010;31,3
18 Ceuta;En riesgo de pobreza (renta año anterior a la entrevista);2009;36,4
18 Ceuta;En riesgo de pobreza (renta año anterior a la entrevista);2008;40,1
18 Ceuta;Con carencia material severa;2020;6,4
18 Ceuta;Con carencia material severa;2019;6,2
18 Ceuta;Con carencia material severa;2018;15,7
18 Ceuta;Con carencia material severa;2017;3,8
18 Ceuta;Con carencia material severa;2016;3,5
18 Ceuta;Con carencia material severa;2015;16,6
18 Ceuta;Con carencia material severa;2014;12,4
18 Ceuta;Con carencia material severa;2013;15,3
18 Ceuta;Con carencia material severa;2012;19,5
18 Ceuta;Con carencia material severa;2011;7,6
18 Ceuta;Con carencia material severa;2010;4,5
18 Ceuta;Con carencia material severa;2009;10,1
18 Ceuta;Con carencia material severa;2008;2,4
18 Ceuta;Viviendo en hogares con baja intensidad en el trabajo (de 0 a 59 años);2020;22,5
18 Ceuta;Viviendo en hogares con baja intensidad en el trabajo (de 0 a 59 años);2019;29,9
18 Ceuta;Viviendo en hogares con baja intensidad en el trabajo (de 0 a 59 años);2018;34,6
18 Ceuta;Viviendo en hogares con baja intensidad en el trabajo (de 0 a 59 años);2017;30,6
18 Ceuta;Viviendo en hogares con baja intensidad en el trabajo (de 0 a 59 años);2016;12,2
18 Ceuta;Viviendo en hogares con baja intensidad en el trabajo (de 0 a 59 años);2015;10
18 Ceuta;Viviendo en hogares con baja intensidad en el trabajo (de 0 a 59 años);2014;26,2
18 Ceuta;Viviendo en hogares con baja intensidad en el trabajo (de 0 a 59 años);2013;24,7
18 Ceuta;Viviendo en hogares con baja intensidad en el trabajo (de 0 a 59 años);2012;23,2
18 Ceuta;Viviendo en hogares con baja intensidad en el trabajo (de 0 a 59 años);2011;17,2
18 Ceuta;Viviendo en hogares con baja intensidad en el trabajo (de 0 a 59 años);2010;21,8
18 Ceuta;Viviendo en hogares con baja intensidad en el trabajo (de 0 a 59 años);2009;25,3
18 Ceuta;Viviendo en hogares con baja intensidad en el trabajo (de 0 a 59 años);2008;22,5
19 Melilla;Tasa de riesgo de pobreza o exclusión social (indicador AROPE);2020;42,4
19 Melilla;Tasa de riesgo de pobreza o exclusión social (indicador AROPE);2019;38,5
19 Melilla;Tasa de riesgo de pobreza o exclusión social (indicador AROPE);2018;24,1
19 Melilla;Tasa de riesgo de pobreza o exclusión social (indicador AROPE);2017;29,4
19 Melilla;Tasa de riesgo de pobreza o exclusión social (indicador AROPE);2016;29,3
19 Melilla;Tasa de riesgo de pobreza o exclusión social (indicador AROPE);2015;31,8
19 Melilla;Tasa de riesgo de pobreza o exclusión social (indicador AROPE);2014;25,8
19 Melilla;Tasa de riesgo de pobreza o exclusión social (indicador AROPE);2013;31,4
19 Melilla;Tasa de riesgo de pobreza o exclusión social (indicador AROPE);2012;14,5
19 Melilla;Tasa de riesgo de pobreza o exclusión social (indicador AROPE);2011;34,7
19 Melilla;Tasa de riesgo de pobreza o exclusión social (indicador AROPE);2010;35,4
19 Melilla;Tasa de riesgo de pobreza o exclusión social (indicador AROPE);2009;33,9
19 Melilla;Tasa de riesgo de pobreza o exclusión social (indicador AROPE);2008;24,6
19 Melilla;En riesgo de pobreza (renta año anterior a la entrevista);2020;36,3
19 Melilla;En riesgo de pobreza (renta año anterior a la entrevista);2019;35,7
19 Melilla;En riesgo de pobreza (renta año anterior a la entrevista);2018;21,4
19 Melilla;En riesgo de pobreza (renta año anterior a la entrevista);2017;26,2
19 Melilla;En riesgo de pobreza (renta año anterior a la entrevista);2016;21,8
19 Melilla;En riesgo de pobreza (renta año anterior a la entrevista);2015;25,8
19 Melilla;En riesgo de pobreza (renta año anterior a la entrevista);2014;19,2
19 Melilla;En riesgo de pobreza (renta año anterior a la entrevista);2013;21,7
19 Melilla;En riesgo de pobreza (renta año anterior a la entrevista);2012;8,6
19 Melilla;En riesgo de pobreza (renta año anterior a la entrevista);2011;26,5
19 Melilla;En riesgo de pobreza (renta año anterior a la entrevista);2010;25,8
19 Melilla;En riesgo de pobreza (renta año anterior a la entrevista);2009;30
19 Melilla;En riesgo de pobreza (renta año anterior a la entrevista);2008;17,7
19 Melilla;Con carencia material severa;2020;13,9
19 Melilla;Con carencia material severa;2019;12,9
19 Melilla;Con carencia material severa;2018;8,6
19 Melilla;Con carencia material severa;2017;9,4
19 Melilla;Con carencia material severa;2016;13,2
19 Melilla;Con carencia material severa;2015;15,1
19 Melilla;Con carencia material severa;2014;7,4
19 Melilla;Con carencia material severa;2013;14,8
19 Melilla;Con carencia material severa;2012;1
19 Melilla;Con carencia material severa;2011;6,4
19 Melilla;Con carencia material severa;2010;9,7
19 Melilla;Con carencia material severa;2009;0,9
19 Melilla;Con carencia material severa;2008;10,9
19 Melilla;Viviendo en hogares con baja intensidad en el trabajo (de 0 a 59 años);2020;28,2
19 Melilla;Viviendo en hogares con baja intensidad en el trabajo (de 0 a 59 años);2019;24,8
19 Melilla;Viviendo en hogares con baja intensidad en el trabajo (de 0 a 59 años);2018;15,6
19 Melilla;Viviendo en hogares con baja intensidad en el trabajo (de 0 a 59 años);2017;13,9
19 Melilla;Viviendo en hogares con baja intensidad en el trabajo (de 0 a 59 años);2016;18
19 Melilla;Viviendo en hogares con baja intensidad en el trabajo (de 0 a 59 años);2015;14,5
19 Melilla;Viviendo en hogares con baja intensidad en el trabajo (de 0 a 59 años);2014;18
19 Melilla;Viviendo en hogares con baja intensidad en el trabajo (de 0 a 59 años);2013;20,5
19 Melilla;Viviendo en hogares con baja intensidad en el trabajo (de 0 a 59 años);2012;9,7
19 Melilla;Viviendo en hogares con baja intensidad en el trabajo (de 0 a 59 años);2011;18
19 Melilla;Viviendo en hogares con baja intensidad en el trabajo (de 0 a 59 años);2010;10,4
19 Melilla;Viviendo en hogares con baja intensidad en el trabajo (de 0 a 59 años);2009;13,6
19 Melilla;Viviendo en hogares con baja intensidad en el trabajo (de 0 a 59 años);2008;6
